id;tên sách_x;tác giả;quốc gia;năm sáng tác;thể loại;tên sách_y;link Wikipedia;link hình ảnh
1;Dế Mèn phiêu lưu ký;Tô Hoài;Việt Nam;1941;Văn học thiếu nhi;Dế Mèn phiêu lưu ký;https://vi.wikipedia.org/wiki/Dế_Mèn_phiêu_lưu_ký;https:/static/images/icons/wikipedia.png
2;Truyện Kiều;Nguyễn Du;Việt Nam;Trước 1814 hoặc từ 1814-1820;Thơ / Văn học cổ điển;Truyện Kiều;https://vi.wikipedia.org/wiki/Truyện_Kiều;https://upload.wikimedia.org/wikipedia/commons/thumb/b/b7/%C4%90o%E1%BA%A1n_tr%C6%B0%E1%BB%9Dng_t%C3%A2n_thanh.png/250px-%C4%90o%E1%BA%A1n_tr%C6%B0%E1%BB%9Dng_t%C3%A2n_thanh.png
3;Nỗi buồn chiến tranh;Bảo Ninh;Việt Nam;1987;Tiểu thuyết chiến tranh;Nỗi buồn chiến tranh;https://vi.wikipedia.org/wiki/Nỗi_buồn_chiến_tranh;https://upload.wikimedia.org/wikipedia/vi/thumb/1/11/Noi_buon_chien_tranh.jpg/250px-Noi_buon_chien_tranh.jpg
4;Harry Potter và Hòn đá Phù thủy;J.K. Rowling;Anh;1997;Kỳ ảo;Harry Potter và Hòn đá Phù thủy;https://vi.wikipedia.org/wiki/Harry_Potter_và_Hòn_đá_Phù_thủy;https://upload.wikimedia.org/wikipedia/vi/thumb/5/51/Harry_Potter_v%C3%A0_H%C3%B2n_%C4%91%C3%A1_ph%C3%B9_th%E1%BB%A7y_b%C3%ACa_2003.jpeg/250px-Harry_Potter_v%C3%A0_H%C3%B2n_%C4%91%C3%A1_ph%C3%B9_th%E1%BB%A7y_b%C3%ACa_2003.jpeg
5;1984;George Orwell;Anh;1949;Chính trị/Khoa học xã hội giả tưởng;1984;https://vi.wikipedia.org/wiki/1984_(tiểu_thuyết);https://upload.wikimedia.org/wikipedia/vi/thumb/c/c3/1984first.jpg/250px-1984first.jpg
6;Nhà giả kim;Paulo Coelho;Brasil;1988;Phiêu lưu, tưởng tượng, thần bí;Nhà giả kim;https://vi.wikipedia.org/wiki/Nhà_giả_kim_(tiểu_thuyết);https://upload.wikimedia.org/wikipedia/vi/thumb/9/9c/Nh%C3%A0_gi%E1%BA%A3_kim_%28s%C3%A1ch%29.jpg/250px-Nh%C3%A0_gi%E1%BA%A3_kim_%28s%C3%A1ch%29.jpg
7;Chiến tranh và Hòa bình;Lev Tolstoy;Nga;1869;Lãng mạn, lịch sử, chiến tranh;Chiến tranh và Hòa bình;https://vi.wikipedia.org/wiki/Chiến_tranh_và_Hòa_bình;https://upload.wikimedia.org/wikipedia/commons/thumb/a/af/Tolstoy_-_War_and_Peace_-_first_edition%2C_1869.jpg/250px-Tolstoy_-_War_and_Peace_-_first_edition%2C_1869.jpg
8;Don Quixote;Miguel de Cervantes;Tây Ban Nha;1605;Châm biếm, tiểu thuyết tâm lý, trào phúng;Don Quixote;https://vi.wikipedia.org/wiki/Don_Quixote;https://upload.wikimedia.org/wikipedia/commons/thumb/0/08/Miguel_de_Cervantes_%281605%29_El_ingenioso_hidalgo_Don_Quixote_de_la_Mancha.png/250px-Miguel_de_Cervantes_%281605%29_El_ingenioso_hidalgo_Don_Quixote_de_la_Mancha.png
9;The Great Gatsby;F. Scott Fitzgerald;Mỹ;1925;Tiểu thuyết;The Great Gatsby;https://vi.wikipedia.org/wiki/The_Great_Gatsby;https://upload.wikimedia.org/wikipedia/commons/thumb/a/a4/Flag_of_the_United_States.svg/40px-Flag_of_the_United_States.svg.png
10;Pride and Prejudice;Jane Austen;Anh;1813;Tiểu thuyết;Pride and Prejudice;https://vi.wikipedia.org/wiki/Pride_and_Prejudice;https:/static/images/icons/wikipedia.png
11;One Hundred Years of Solitude;Gabriel García Márquez;Tây Ban Nha;1967;Hiện thực huyền ảo;One Hundred Years of Solitude;https://en.wikipedia.org/wiki/One_Hundred_Years_of_Solitude;https://upload.wikimedia.org/wikipedia/en/thumb/a/a0/Cien_a%C3%B1os_de_soledad_%28book_cover%2C_1967%29.jpg/250px-Cien_a%C3%B1os_de_soledad_%28book_cover%2C_1967%29.jpg
12;The Catcher in the Rye;J.D. Salinger;Mỹ;1951;Tiểu thuyết/Tâm lý / Thanh xuân;The Catcher in the Rye;https://vi.wikipedia.org/wiki/The_Catcher_in_the_Rye;https://upload.wikimedia.org/wikipedia/vi/thumb/b/b7/B%E1%BA%AFt_tr%E1%BA%BB_%C4%91%E1%BB%93ng_xanh%28s%C3%A1ch%29.jpg/250px-B%E1%BA%AFt_tr%E1%BA%BB_%C4%91%E1%BB%93ng_xanh%28s%C3%A1ch%29.jpg
13;To Kill a Mockingbird;Harper Lee;Mỹ;1960;Xã hội / Nhân quyền;To Kill a Mockingbird;https://vi.wikipedia.org/wiki/To_Kill_a_Mockingbird;https://upload.wikimedia.org/wikipedia/vi/thumb/5/5c/Mockingbirdfirst.JPG/250px-Mockingbirdfirst.JPG
14;Les Misérables ( Những người khốn khổ );Victor Hugo;Pháp;1862;Tiểu thuyết lịch sử;Les Misérables;https://vi.wikipedia.org/wiki/Les_Misérables;https://upload.wikimedia.org/wikipedia/commons/thumb/9/99/Ebcosette.jpg/250px-Ebcosette.jpg
15;The Little Prince ( Hoàng tử bé );Antoine de Saint-Exupéry;Pháp;1943;Tiểu thuyết/Triết lý / Thiếu nhi;The Little Prince;https://vi.wikipedia.org/wiki/The_Little_Prince;https://upload.wikimedia.org/wikipedia/vi/thumb/0/05/Littleprince.JPG/250px-Littleprince.JPG
16;Noruwei no Mori (Rừng Na Uy);Murakami Haruki ;Nhật Bản;1987;Tiểu thuyết văn học - lãng mạn;Noruwei no Mori;https://en.wikipedia.org/wiki/Norwegian_Wood_(novel);https://upload.wikimedia.org/wikipedia/en/thumb/5/5d/NorwegianWood.jpg/250px-NorwegianWood.jpg
17;Kafka bên bờ biển;Murakami Haruki ;Nhật Bản;2002;Tiểu thuyết siêu thực;Kafka bên bờ biển;https://vi.wikipedia.org/wiki/Kafka_bên_bờ_biển;https://upload.wikimedia.org/wikipedia/vi/5/5b/Kafka_b%C3%AAn_b%E1%BB%9D_bi%E1%BB%83n.JPG
18;The Lord of the Rings ( chúa tể những chiếc nhẫn );J.R.R. Tolkien;Anh;1954;Tiểu thuyết/Phiêu lưu/lãng mạn;The Lord of the Rings ( chúa tể những chiếc nhẫn );https://vi.wikipedia.org/wiki/The_Lord_of_the_Rings;https://upload.wikimedia.org/wikipedia/vi/thumb/6/62/Jrrt_lotr_cover_design.jpg/250px-Jrrt_lotr_cover_design.jpg
19;Chí Phèo;Nam Cao;Việt Nam;1941;Truyện Ngắn/Hiện thực phê phán;Chí Phèo;https://vi.wikipedia.org/wiki/Chí_Phèo;https://upload.wikimedia.org/wikipedia/commons/thumb/4/42/Chi_Pheo_cover_1957.jpg/250px-Chi_Pheo_cover_1957.jpg
20;Mưa đỏ;Chu lai;Việt Nam;2016;Tiểu thuyết chiến tranh;Mưa đỏ;https://vi.wikipedia.org/wiki/Mưa_đỏ_(tiểu_thuyết);https://upload.wikimedia.org/wikipedia/vi/thumb/f/f2/Muado_sach.webp/250px-Muado_sach.webp.png
21;Việt Nam sử lược;Trần Trọng Kim;Việt Nam;1919;Lịch sử;Lịch sử Việt Nam;https://vi.wikipedia.org/wiki/Lịch_sử_Việt_Nam;https://upload.wikimedia.org/wikipedia/commons/thumb/8/82/Southeast_asia.jpg/120px-Southeast_asia.jpg
22;Đại Việt sử ký toàn thư;Ngô Sĩ Liên;Việt Nam;1479;Lịch sử / Biên niên sử;Đại Việt sử ký toàn thư;https://vi.wikipedia.org/wiki/Đại_Việt_sử_ký_toàn_thư;https://upload.wikimedia.org/wikipedia/commons/thumb/6/69/DaiVietSuKyToanThu.png/250px-DaiVietSuKyToanThu.png
23;Guns, Germs and Steel (súng, vi trùng và thép);Jared Diamond;Mỹ;1997;Phi hư cấu-Khoa học / Lịch sử nhân loại;Guns, Germs, and Steel;https://en.wikipedia.org/wiki/Guns,_Germs,_and_Steel;https://upload.wikimedia.org/wikipedia/en/f/fc/Ggas_human_soc.jpg
24;The Selfish Gene (Gen ích kỷ);Richard Dawkins;Anh;1976;Sinh học / Tiến hóa;The Selfish Gene;https://en.wikipedia.org/wiki/The_Selfish_Gene;https://upload.wikimedia.org/wikipedia/en/thumb/a/a2/The_Selfish_Gene3.jpg/250px-The_Selfish_Gene3.jpg
25;A Brief History of Time (Lịch sử thời gian);Stephen Hawking;Anh;1988;Khoa học vũ trụ;A Brief History of Time;https://en.wikipedia.org/wiki/A_Brief_History_of_Time;https://upload.wikimedia.org/wikipedia/en/thumb/a/a3/BriefHistoryTime.jpg/250px-BriefHistoryTime.jpg
26;Cosmos;Carl Sagan;Mỹ;1980;Thiên văn học / Khoa học phổ thông;Cosmos;https://en.wikipedia.org/wiki/Cosmos_(Carl_Sagan_book);https://upload.wikimedia.org/wikipedia/en/9/91/Cosmos_book.gif
27;The Origin of Species;Charles Darwin;Anh;1859;Sinh học tiến hóa;On the Origin of Species;https://en.wikipedia.org/wiki/On_the_Origin_of_Species;https://upload.wikimedia.org/wikipedia/commons/thumb/c/cd/Origin_of_Species_title_page.jpg/250px-Origin_of_Species_title_page.jpg
28;The Art of War;Tôn Tử;Trung Quốc;Thế kỷ 5 TCN;Chiến lược / Quân sự;The Art of War;https://en.wikipedia.org/wiki/The_Art_of_War;https://upload.wikimedia.org/wikipedia/commons/thumb/d/de/Bamboo_book_-_unfolded_-_UCR.jpg/250px-Bamboo_book_-_unfolded_-_UCR.jpg
29;Homo Deus: Lược sử tương lai;Yuval Noah Harari;Israel;2016;Khoa học / Tư duy tương lai;Homo Deus: A Brief History of Tomorrow;https://en.wikipedia.org/wiki/Homo_Deus:_A_Brief_History_of_Tomorrow;https://upload.wikimedia.org/wikipedia/en/thumb/7/73/Homo_Deus.jpg/250px-Homo_Deus.jpg
30;Thinking, Fast and Slow ( Tư duy nhanh và chậm);Daniel Kahneman;Mỹ;2011;Tâm lý học / Kinh tế học hành vi;Thinking, Fast and Slow;https://en.wikipedia.org/wiki/Thinking,_Fast_and_Slow;https://upload.wikimedia.org/wikipedia/en/thumb/c/c1/Thinking%2C_Fast_and_Slow.jpg/250px-Thinking%2C_Fast_and_Slow.jpg
31;The Republic;Plato;Hy Lạp;Khoảng 375 TCN;Triết học / Chính trị học;The Republic;https://en.wikipedia.org/wiki/The_Republic_(Plato);https://upload.wikimedia.org/wikipedia/commons/thumb/7/7b/Politeia_beginning._Codex_Parisinus_graecus_1807.jpg/250px-Politeia_beginning._Codex_Parisinus_graecus_1807.jpg
32;The Prince;Niccolò Machiavelli;Ý;1532;Chính trị học / Xã hội;The Prince;https://en.wikipedia.org/wiki/The_Prince;https://upload.wikimedia.org/wikipedia/commons/thumb/7/77/Machiavelli_Principe_Cover_Page.jpg/250px-Machiavelli_Principe_Cover_Page.jpg
33;The Diary of a Young Girl ( nhật ký của một cô gái );Anne Frank;Hà Lan;1947;Tự truyện / Lịch sử chiến tranh;The Diary of a Young Girl;https://en.wikipedia.org/wiki/The_Diary_of_a_Young_Girl;https://upload.wikimedia.org/wikipedia/en/4/47/Het_Achterhuis_%28Diary_of_Anne_Frank%29_-_front_cover%2C_first_edition.jpg
34;The Communist Manifesto (Tuyên Ngôn Cộng sản );Karl Marx & Friedrich Engels;Đức;1848;Kinh tế chính trị / Triết lý;The Communist Manifesto;https://en.wikipedia.org/wiki/The_Communist_Manifesto;https://upload.wikimedia.org/wikipedia/commons/thumb/8/86/Communist-manifesto.png/250px-Communist-manifesto.png
35;Sapiens: A Brief History of Humankind;Yuval Noah Harari;Israel;2011;Phi hư cấu;Sapiens: A Brief History of Humankind;https://en.wikipedia.org/wiki/Sapiens:_A_Brief_History_of_Humankind;https://upload.wikimedia.org/wikipedia/commons/thumb/6/6d/Sapiens-_A_Brief_History_of_Humankind.png/250px-Sapiens-_A_Brief_History_of_Humankind.png
36;Bách khoa toàn thư Britannica;Nhiều tác giả;Anh;1768;Học thuật / Tổng hợp;Encyclopædia Britannica;https://en.wikipedia.org/wiki/Encyclopædia_Britannica;https://upload.wikimedia.org/wikipedia/en/thumb/3/34/Britannica_Inc_logo.svg/250px-Britannica_Inc_logo.svg.png
37;Sự trỗi dậy của phương Tây;William H. McNeill;Mỹ;1963;Lịch sử thế giới;The Rise of the West: A History of the Human Community;https://en.wikipedia.org/wiki/The_Rise_of_the_West;https://upload.wikimedia.org/wikipedia/en/thumb/9/91/The_Rise_of_the_West.jpg/250px-The_Rise_of_the_West.jpg
38;The Double Helix;James D. Watson;Mỹ;1968;Sinh học / Tự truyện khoa học;The Double Helix;https://en.wikipedia.org/wiki/The_Double_Helix;https://upload.wikimedia.org/wikipedia/en/thumb/8/8c/TheDoubleHelix.jpg/250px-TheDoubleHelix.jpg
39;A People's History of the United States (Lịch sử hoa kỳ nhân loại);Howard Zinn;Mỹ;1980;Lịch sử xã hội;A People's History of the United States;https://en.wikipedia.org/wiki/A_People%27s_History_of_the_United_States;https://upload.wikimedia.org/wikipedia/en/thumb/1/11/Peopleshistoryzinn.jpg/250px-Peopleshistoryzinn.jpg
40;Mắt biếc;Nguyễn Nhật Ánh;Việt Nam;1990;Truyện dài;Mắt biếc;https://vi.wikipedia.org/wiki/Mắt_biếc_(tiểu_thuyết);https://upload.wikimedia.org/wikipedia/vi/thumb/9/92/Mat_Biec.gif/250px-Mat_Biec.gif
41;Charlie và nhà máy sô-cô-la;Roald Dahl;Anh;1964;Tiểu thuyết-Thiếu nhi / Phiêu lưu;Charlie and the Chocolate Factory;https://en.wikipedia.org/wiki/Charlie_and_the_Chocolate_Factory;https://upload.wikimedia.org/wikipedia/commons/thumb/7/71/Charlie_and_the_Chocolate_Factory_%281964%29_front_cover%2C_first_US_edition.jpg/250px-Charlie_and_the_Chocolate_Factory_%281964%29_front_cover%2C_first_US_edition.jpg
42;Matilda;Roald Dahl;Anh;1988;Tiểu thuyết-Thiếu nhi / Hài hước;Matilda;https://en.wikipedia.org/wiki/Matilda_(novel);https://upload.wikimedia.org/wikipedia/en/6/6c/MatildaCover.jpg
43;Alice ở xứ sở diệu kỳ;Lewis Carroll;Anh;1865;Tiểu thuyết-Thiếu nhi / Giả tưởng;Alice's Adventures in Wonderland;https://en.wikipedia.org/wiki/Alice%27s_Adventures_in_Wonderland;https://upload.wikimedia.org/wikipedia/commons/thumb/a/a9/Alice%27s_Adventures_in_Wonderland_cover_%281865%29.jpg/250px-Alice%27s_Adventures_in_Wonderland_cover_%281865%29.jpg
44;Peter Pan (Cậu bé không chịu lớn);J.M. Barrie;Anh;1911;Thiếu nhi / Cổ tích;Peter Pan;https://en.wikipedia.org/wiki/Peter_Pan;https:/static/images/icons/wikipedia.png
45;Ngồi khóc trên cây;Nguyễn Nhật Ánh;Việt Nam;2013;Tiểu thuyết thanh thiếu niên;Ngồi khóc trên cây;https://vi.wikipedia.org/wiki/Ngồi_khóc_trên_cây;https://upload.wikimedia.org/wikipedia/vi/thumb/6/61/Ng%E1%BB%93i_kh%C3%B3c_tr%C3%AAn_c%C3%A2y_cover.jpg/250px-Ng%E1%BB%93i_kh%C3%B3c_tr%C3%AAn_c%C3%A2y_cover.jpg
46;Momo ;Michael Ende;Đức;1973;Thiếu nhi / Giả tưởng;Momo;https://en.wikipedia.org/wiki/Momo_(novel);https://upload.wikimedia.org/wikipedia/en/thumb/6/60/Momo_English.jpg/250px-Momo_English.jpg
47;Sans Famille (Không gia đình);Hector Malot;Pháp;1878;Thiếu nhi / Cảm động;Sans Famille;https://en.wikipedia.org/wiki/Sans_Famille;https:/static/images/icons/wikipedia.png
48;Totto-chan: The Little Girl at the Window (Totto-chan bên cửa sổ);Tetsuko Kuroyanagi;Nhật Bản;1981;Thiếu nhi / Tự truyện giáo dục;Totto-chan: The Little Girl at the Window;https://en.wikipedia.org/wiki/Totto-Chan:_The_Little_Girl_at_the_Window;https://upload.wikimedia.org/wikipedia/en/d/d1/Totto-chan.png
49;The Old Man and the Sea (Ông già và biển cả);Ernest Hemingway;Mỹ;1952;Văn học / Hiện thực;The Old Man and the Sea;https://en.wikipedia.org/wiki/The_Old_Man_and_the_Sea;https://upload.wikimedia.org/wikipedia/commons/thumb/0/00/The_Old_Man_and_the_Sea_%281952%29_front_cover%2C_first_edition.jpg/250px-The_Old_Man_and_the_Sea_%281952%29_front_cover%2C_first_edition.jpg
50;The Hunchback of Notre-Dame (Nhà thờ Đức Bà Paris);Victor Hugo;Pháp;1831;Văn học / Lãng mạn;The Hunchback of Notre-Dame;https://en.wikipedia.org/wiki/The_Hunchback_of_Notre-Dame;https://upload.wikimedia.org/wikipedia/en/thumb/9/9c/Notre-Dame_de_Paris_1st_edition.jpg/250px-Notre-Dame_de_Paris_1st_edition.jpg
51;Lão Hạc;Nam Cao;Việt Nam;1943;Văn học / Hiện thực phê phán;Lão Hạc;https://vi.wikipedia.org/wiki/Lão_Hạc;https://upload.wikimedia.org/wikipedia/commons/thumb/2/21/Flag_of_Vietnam.svg/40px-Flag_of_Vietnam.svg.png
52;Tắt đèn;Ngô Tất Tố;Việt Nam;1937;Văn học / Xã hội;Tắt đèn;https://vi.wikipedia.org/wiki/Tắt_đèn;https://upload.wikimedia.org/wikipedia/vi/thumb/b/b1/T%E1%BA%AFt_%C4%91%C3%A8n-Nh%C3%A3_Nam.jpeg/250px-T%E1%BA%AFt_%C4%91%C3%A8n-Nh%C3%A3_Nam.jpeg
53;How to Win Friends and Influence People (Đắc nhân tâm);Dale Carnegie;Mỹ;1936;Kỹ năng / Giao tiếp;How to Win Friends and Influence People (Đắc nhân tâm);https://en.wikipedia.org/wiki/How_to_Win_Friends_and_Influence_People;https://upload.wikimedia.org/wikipedia/en/thumb/3/33/How-to-win-friends-and-influence-people.jpg/250px-How-to-win-friends-and-influence-people.jpg
54;The 7 Habits of Highly Effective People;Stephen R. Covey;Mỹ;1989;Kỹ năng / Phát triển bản thân;The 7 Habits of Highly Effective People;https://en.wikipedia.org/wiki/The_7_Habits_of_Highly_Effective_People;https://upload.wikimedia.org/wikipedia/en/thumb/a/a2/The_7_Habits_of_Highly_Effective_People.jpg/250px-The_7_Habits_of_Highly_Effective_People.jpg
55;The Grapes of Wrath (chùm nho uất hận);John Steinbeck;Mỹ;1939;Khoa học / Tâm lý học;Chùm nho uất hận;https://vi.wikipedia.org/wiki/Chùm_nho_uất_hận;https://upload.wikimedia.org/wikipedia/vi/thumb/4/47/Grape.jpg/250px-Grape.jpg
56;The Art of Computer Programming;Donald Knuth;Mỹ;1968;Khoa học;The Art of Computer Programming;https://en.wikipedia.org/wiki/The_Art_of_Computer_Programming;https://upload.wikimedia.org/wikipedia/commons/thumb/8/8a/ArtOfComputerProgramming.svg/250px-ArtOfComputerProgramming.svg.png
57;Good to Great (Từ tốt đến vĩ đại);Jim Collins;Mỹ;2001;Phi hư cấu-Kỹ năng / Lãnh đạo;Good to Great;https://en.wikipedia.org/wiki/Good_to_Great;https://upload.wikimedia.org/wikipedia/en/thumb/0/03/Cover_Good_2_Gr8.jpg/250px-Cover_Good_2_Gr8.jpg
58;Artificial Intelligence: A Modern Approach (Trí tuệ nhân tạo: Một cách tiếp cận hiện đại);Stuart J. Russell và Peter Norvig;Việt Nam;1995 lần 1, tái bản lần 4 vào 2020;Khoa học máy tính;Artificial Intelligence: A Modern Approach;https://en.wikipedia.org/wiki/Artificial_Intelligence:_A_Modern_Approach;https://upload.wikimedia.org/wikipedia/en/thumb/e/e5/Artificial_Intelligence-_A_Modern_Approach.jpg/250px-Artificial_Intelligence-_A_Modern_Approach.jpg
59;Atomic Habits;James Clear;Mỹ;2018;Kỹ năng / Thay đổi thói quen;Atomic Habits;https://en.wikipedia.org/wiki/Atomic_Habits;https://upload.wikimedia.org/wikipedia/en/thumb/2/28/Atomic_Habits_book_cover.jpg/250px-Atomic_Habits_book_cover.jpg
60;The Power of Now;Eckhart Tolle;Đức / Canada;1997;Khoa học / Tâm linh học thuật;The Power of Now;https://en.wikipedia.org/wiki/The_Power_of_Now;https://upload.wikimedia.org/wikipedia/en/thumb/6/66/TPON_Cover_LG.jpg/250px-TPON_Cover_LG.jpg
61;Harry Potter và Phòng chứa bí mật;J.K. Rowling;Anh;1998;Giả tưởng / Thiếu nhi;Harry Potter and the Chamber of Secrets;https://en.wikipedia.org/wiki/Harry_Potter_and_the_Chamber_of_Secrets;https://upload.wikimedia.org/wikipedia/en/thumb/5/5c/Harry_Potter_and_the_Chamber_of_Secrets.jpg/250px-Harry_Potter_and_the_Chamber_of_Secrets.jpg
62;Harry Potter và Tên tù nhân ngục Azkaban;J.K. Rowling;Anh;1999;Giả tưởng / Phiêu lưu;Harry Potter and the Prisoner of Azkaban;https://en.wikipedia.org/wiki/Harry_Potter_and_the_Prisoner_of_Azkaban;https://upload.wikimedia.org/wikipedia/en/a/a0/Harry_Potter_and_the_Prisoner_of_Azkaban.jpg
63;Harry Potter và Chiếc cốc lửa;J.K. Rowling;Anh;2000;Giả tưởng / Phiêu lưu;Harry Potter and the Goblet of Fire;https://en.wikipedia.org/wiki/Harry_Potter_and_the_Goblet_of_Fire;https://upload.wikimedia.org/wikipedia/en/thumb/b/b6/Harry_Potter_and_the_Goblet_of_Fire_cover.png/250px-Harry_Potter_and_the_Goblet_of_Fire_cover.png
64;Harry Potter và Hội Phượng Hoàng;J.K. Rowling;Anh;2003;Giả tưởng / Hành động;Harry Potter and the Order of the Phoenix;https://en.wikipedia.org/wiki/Harry_Potter_and_the_Order_of_the_Phoenix;https://upload.wikimedia.org/wikipedia/en/thumb/7/70/Harry_Potter_and_the_Order_of_the_Phoenix.jpg/250px-Harry_Potter_and_the_Order_of_the_Phoenix.jpg
65;Harry Potter và Hoàng tử lai;J.K. Rowling;Anh;2005;Giả tưởng / Bí ẩn;Harry Potter and the Half-Blood Prince;https://en.wikipedia.org/wiki/Harry_Potter_and_the_Half-Blood_Prince;https://upload.wikimedia.org/wikipedia/en/thumb/b/b5/Harry_Potter_and_the_Half-Blood_Prince_cover.png/250px-Harry_Potter_and_the_Half-Blood_Prince_cover.png
66;Harry Potter và Bảo bối Tử thần;J.K. Rowling;Anh;2007;Giả tưởng / Phiêu lưu;Harry Potter and the Deathly Hallows;https://en.wikipedia.org/wiki/Harry_Potter_and_the_Deathly_Hallows;https://upload.wikimedia.org/wikipedia/en/thumb/a/a9/Harry_Potter_and_the_Deathly_Hallows.jpg/250px-Harry_Potter_and_the_Deathly_Hallows.jpg
67;The Innovators;Walter Isaacson;Mỹ;2014;Khoa học / Công nghệ;The Innovators;https://en.wikipedia.org/wiki/The_Innovators_(book);https://upload.wikimedia.org/wikipedia/en/thumb/1/10/Innovators_book_cover.jpg/250px-Innovators_book_cover.jpg
68;Steve Jobs;Walter Isaacson;Mỹ;2011;Tiểu sử / Công nghệ;Steve Jobs;https://en.wikipedia.org/wiki/Steve_Jobs_(book);https://upload.wikimedia.org/wikipedia/en/e/e4/Steve_Jobs_by_Walter_Isaacson.jpg
69;Elon Musk;Ashlee Vance;Mỹ;2015;Tiểu sử / Công nghệ;Elon Musk: Tesla, SpaceX, and the Quest for a Fantastic Future;https://en.wikipedia.org/wiki/Elon_Musk:_Tesla,_SpaceX,_and_the_Quest_for_a_Fantastic_Future;https://upload.wikimedia.org/wikipedia/en/thumb/a/a8/Elon_Musk_-_Tesla%2C_SpaceX%2C_and_the_Quest_for_a_Fantastic_Future.jpg/250px-Elon_Musk_-_Tesla%2C_SpaceX%2C_and_the_Quest_for_a_Fantastic_Future.jpg
70;Homo Deus: Lược sử tương lai;Yuval Noah Harari;Israel;2016;Khoa học / Tương lai học;Homo Deus: A Brief History of Tomorrow;https://en.wikipedia.org/wiki/Homo_Deus:_A_Brief_History_of_Tomorrow;https://upload.wikimedia.org/wikipedia/en/thumb/7/73/Homo_Deus.jpg/250px-Homo_Deus.jpg
71;Cánh đồng bất tận;Nguyễn Ngọc Tư;Việt Nam;2005;Tập truyện ngắn;Cánh đồng bất tận;https://vi.wikipedia.org/wiki/Cánh_đồng_bất_tận;https://upload.wikimedia.org/wikipedia/vi/thumb/0/01/Canh-dong-bat-tan.jpg/250px-Canh-dong-bat-tan.jpg
72;The Code Book;Simon Singh;Anh;1999;Khoa học / Mật mã học;The Code Book;https://en.wikipedia.org/wiki/The_Code_Book;https://upload.wikimedia.org/wikipedia/en/thumb/0/06/The_Code_Book.jpg/250px-The_Code_Book.jpg
73;Programming Languages: Application and Interpretation; Shriram Krishnamurthi;Mỹ;2003;Công nghệ / Lập trình;Programming Languages: Application and Interpretation;https://en.wikipedia.org/wiki/Programming_Languages:_Application_and_Interpretation;https://upload.wikimedia.org/wikipedia/en/thumb/a/ac/PLAI-cover.jpg/250px-PLAI-cover.jpg
74;The Pragmatic Programmer;Andrew Hunt & David Thomas;Mỹ;1999;Công nghệ / Phát triển phần mềm;The Pragmatic Programmer;https://en.wikipedia.org/wiki/The_Pragmatic_Programmer;https://upload.wikimedia.org/wikipedia/en/thumb/8/8f/The_pragmatic_programmer.jpg/250px-The_pragmatic_programmer.jpg
75;Think and Grow Rich ; Napoleon Hill và Rosa Lee Beeland;Mỹ;1937;Phi hư cấu/Kỹ năng;Think and Grow Rich;https://en.wikipedia.org/wiki/Think_and_Grow_Rich;https://upload.wikimedia.org/wikipedia/en/thumb/e/e9/Think_and_grow_rich_original_cover.jpg/250px-Think_and_grow_rich_original_cover.jpg
76;The Subtle Art of Not Giving a Fuck (Nghệ thuật từ bỏ những lo âu để sống cuộc đời đúng nghĩa);Mark Manson;Mỹ;2016;Kỹ năng / Tư duy sống;The Subtle Art of Not Giving a Fuck;https://en.wikipedia.org/wiki/The_Subtle_Art_of_Not_Giving_a_F*ck;https://upload.wikimedia.org/wikipedia/en/thumb/b/bd/The_Subtle_Art_of_Not_Giving_a_F%2Ack_by_Mark_Manson_-_Book_Cover.png/250px-The_Subtle_Art_of_Not_Giving_a_F%2Ack_by_Mark_Manson_-_Book_Cover.png
77;Built to Last: Successful Habits of Visionary Companies ; Jim Collins và Jerry I. Porras;Mỹ;1994;Kỹ năng / chiến lược kinh doanh;Built to Last: Successful Habits of Visionary Companies ;https://en.wikipedia.org/wiki/Built_to_Last:_Successful_Habits_of_Visionary_Companies;https://upload.wikimedia.org/wikipedia/en/thumb/4/47/Built_to_Last_%28book%29.jpg/250px-Built_to_Last_%28book%29.jpg
78;The Crowd: A Study of the Popular Mind (Tâm Lý Học Đám Đông);Gustave Le Bon;Pháp;1895;Tâm lý xã hội;The Crowd: A Study of the Popular Mind;https://en.wikipedia.org/wiki/The_Crowd:_A_Study_of_the_Popular_Mind;https://upload.wikimedia.org/wikipedia/commons/thumb/6/66/Psychologie_des_Foules.png/250px-Psychologie_des_Foules.png
79;Cho tôi xin một vé đi tuổi thơ;Nguyễn Nhật Ánh;Việt Nam;2008;Truyện thiếu nhi;Cho tôi xin một vé đi tuổi thơ;https://vi.wikipedia.org/wiki/Cho_tôi_xin_một_vé_đi_tuổi_thơ;https://upload.wikimedia.org/wikipedia/vi/thumb/c/c9/Cho_t%C3%B4i_xin_m%E1%BB%99t_v%C3%A9_%C4%91i_tu%E1%BB%95i_th%C6%A1.jpg/250px-Cho_t%C3%B4i_xin_m%E1%BB%99t_v%C3%A9_%C4%91i_tu%E1%BB%95i_th%C6%A1.jpg
80;The Wright Brothers;David McCullough;Mỹ;2015;Lịch sử / Khoa học kỹ thuật;The Wright Brothers;https://en.wikipedia.org/wiki/The_Wright_Brothers_(book);https://upload.wikimedia.org/wikipedia/en/thumb/1/17/TheWrightBrothers.jpg/250px-TheWrightBrothers.jpg
81;Đất rừng phương Nam;Đoàn Giỏi;Việt Nam;1957;Văn học / Phiêu lưu hiện thực;Đất rừng phương Nam;https://vi.wikipedia.org/wiki/Đất_rừng_phương_Nam;https://upload.wikimedia.org/wikipedia/vi/thumb/3/35/Dat_Rung_Phuong_Nam.gif/250px-Dat_Rung_Phuong_Nam.gif
82;Số đỏ;Vũ Trọng Phụng;Việt Nam;1936;Văn học / Trào phúng;Số đỏ;https://vi.wikipedia.org/wiki/Số_đỏ;https://upload.wikimedia.org/wikipedia/commons/thumb/0/0e/Sodobanindau.jpg/250px-Sodobanindau.jpg
83;Bỉ vỏ;Nguyên Hồng;Việt Nam;1937;Văn học / Hiện thực xã hội;Bỉ vỏ;https://vi.wikipedia.org/wiki/Bỉ_vỏ;https://upload.wikimedia.org/wikipedia/commons/thumb/2/21/Flag_of_Vietnam.svg/40px-Flag_of_Vietnam.svg.png
84;Tuổi thơ dữ dội;Phùng Quán;Việt Nam;1988;Văn học / Tiểu thuyết chiến tranh;Tuổi thơ dữ dội;https://vi.wikipedia.org/wiki/Tuổi_thơ_dữ_dội;https://upload.wikimedia.org/wikipedia/vi/1/13/Tuoithodudoi.gif
85;Hồ Chí Minh Toàn tập;Hồ Chí Minh;Việt Nam;1980;Lịch sử / Tư liệu chính trị;Hồ Chí Minh Toàn tập;https://vi.wikipedia.org/wiki/Hồ_Chí_Minh_toàn_tập;https://upload.wikimedia.org/wikipedia/vi/thumb/6/68/Ho_Chi_Minh_toan_tap.jpg/250px-Ho_Chi_Minh_toan_tap.jpg
86;Đường Kách mệnh;Hồ Chí Minh;Việt Nam;1927;Lịch sử / Cách mạng;Đường Kách mệnh;https://vi.wikipedia.org/wiki/Đường_Kách_mệnh;https://upload.wikimedia.org/wikipedia/commons/thumb/d/d9/Duongkachmenh.jpg/250px-Duongkachmenh.jpg
87;Das Kapital-Tư bản luận;Karl Marx;Đức;1867;Kinh tế / Triết học chính trị;Das Kapital;https://en.wikipedia.org/wiki/Das_Kapital;https://upload.wikimedia.org/wikipedia/commons/thumb/8/8d/Zentralbibliothek_Z%C3%BCrich_Das_Kapital_Marx_1867.jpg/250px-Zentralbibliothek_Z%C3%BCrich_Das_Kapital_Marx_1867.jpg
88;Rich Dad Poor Dad; Robert Kiyosaki and Sharon L. Lechter;Mỹ;1997;Tài chính cá nhân;Rich Dad Poor Dad;https://en.wikipedia.org/wiki/Rich_Dad_Poor_Dad;https://upload.wikimedia.org/wikipedia/en/thumb/b/b9/Rich_Dad_Poor_Dad.jpg/250px-Rich_Dad_Poor_Dad.jpg
89;The Singularity is Near;Ray Kurzweil;Mỹ;2005;Khoa học / Trí tuệ nhân tạo;The Singularity Is Near;https://en.wikipedia.org/wiki/The_Singularity_Is_Near;https://upload.wikimedia.org/wikipedia/en/thumb/2/2a/The-Singularity-Is-Near.jpg/250px-The-Singularity-Is-Near.jpg
90;Life 3.0: Being Human in the Age of Artificial Intelligence;Max Tegmark;Thụy Điển / Mỹ;2017;Khoa học / AI – Tương lai học;Life 3.0;https://en.wikipedia.org/wiki/Life_3.0;https://upload.wikimedia.org/wikipedia/en/thumb/4/4e/Cover_of_the_book_Life_3.0.png/250px-Cover_of_the_book_Life_3.0.png
91;Người xa lạ;Albert Camus;Pháp;1942;Tiểu thuyết;Người xa lạ;https://vi.wikipedia.org/wiki/Người_xa_lạ;https://upload.wikimedia.org/wikipedia/vi/thumb/7/7b/Ng%C6%B0%E1%BB%9Di_xa_l%E1%BA%A1_%28s%C3%A1ch%29.jpg/250px-Ng%C6%B0%E1%BB%9Di_xa_l%E1%BA%A1_%28s%C3%A1ch%29.jpg
92;Zero to One; Peter Thiel with Blake Masters;Mỹ;2014;Kinh doanh / Đổi mới sáng tạo;Zero to One;https://en.wikipedia.org/wiki/Zero_to_One;https://upload.wikimedia.org/wikipedia/en/thumb/d/d3/Zero_to_One.jpg/250px-Zero_to_One.jpg
93;The Lean Startup;Eric Ries;Mỹ;2011;Kinh doanh / Khởi nghiệp;The Lean Startup;https://en.wikipedia.org/wiki/The_Lean_Startup;https://upload.wikimedia.org/wikipedia/en/thumb/1/11/Lean_Startup.png/250px-Lean_Startup.png
94;Outliers: The Story of Success ;Malcolm Gladwell;Canada;2008;Khoa học xã hội / Thành công;Outliers: The Story of Success ;https://en.wikipedia.org/wiki/Outliers_(book);https://upload.wikimedia.org/wikipedia/en/thumb/e/ec/Outliers_%28book_cover%29.png/250px-Outliers_%28book_cover%29.png
95;Blink: The Power of Thinking Without Thinking (Điểm Bùng Phát);Malcolm Gladwell;Canada;2005;Tâm lý học / Trực giác;Blink: The Power of Thinking Without Thinking;https://en.wikipedia.org/wiki/Blink:_The_Power_of_Thinking_Without_Thinking;https://upload.wikimedia.org/wikipedia/commons/thumb/4/49/Blinkgla.jpg/250px-Blinkgla.jpg
96;Predictably Irrational: The Hidden Forces That Shape Our Decisions;Dan Ariely;Mỹ;2008;Kinh tế học hành vi;Predictably Irrational;https://en.wikipedia.org/wiki/Predictably_Irrational;https://upload.wikimedia.org/wikipedia/en/thumb/c/ca/Predictably_Irrational_Book_Cover.jpg/250px-Predictably_Irrational_Book_Cover.jpg
97;Mật mã Da Vinci; Dan Brown;Mỹ;2003;Hư cấu huyền bí, trinh thám, âm mưu, giật gân;Mật mã Da Vinci;https://vi.wikipedia.org/wiki/Mật_mã_Da_Vinci;https://upload.wikimedia.org/wikipedia/vi/thumb/8/84/M%E1%BA%ADt_m%C3%A3_davinci.jpg/250px-M%E1%BA%ADt_m%C3%A3_davinci.jpg
98;When Breath Becomes Air -Khi hơi thở hóa thinh không;Paul Kalanithi;Mỹ;2016;Hồi ký / Triết học sống;When Breath Becomes Air;https://en.wikipedia.org/wiki/When_Breath_Becomes_Air;https://upload.wikimedia.org/wikipedia/en/thumb/d/dd/When_Breath_Becomes_Air.jpg/250px-When_Breath_Becomes_Air.jpg
99;Chùa Đàn;Nguyễn Tuân;Việt Nam;1946;Kỳ ảo;Chùa đàn;https://vi.wikipedia.org/wiki/Chùa_Đàn;https://upload.wikimedia.org/wikipedia/commons/thumb/2/21/Flag_of_Vietnam.svg/40px-Flag_of_Vietnam.svg.png
100;Cây cam ngọt của tôi; José Mauro de Vasconcelos;Brasil;1968;Tiểu thuyết thiếu nhi;Cây cam ngọt của tôi;https://vi.wikipedia.org/wiki/Cây_cam_ngọt_của_tôi;https://upload.wikimedia.org/wikipedia/commons/thumb/0/05/Flag_of_Brazil.svg/40px-Flag_of_Brazil.svg.png
